name_of_rrh,Antibiotic,I,R,S,I+R+S,%R
Arua,amikacin,0,15,54,69,22.0
Arua,amoxicillin,45,85,8,138,62.0
Arua,ampicillin,0,107,0,107,100.0
Arua,azithromycin,0,23,0,23,100.0
Arua,cefepime,8,77,45,130,59.0
Arua,cefixime,0,38,0,38,100.0
Arua,cefotaxime,0,30,0,30,100.0
Arua,cefoxitin,0,8,99,107,7.0
Arua,ceftaz,0,39,32,71,55.0
Arua,ceftriaxone,15,161,45,221,73.0
Arua,cefuroxime,0,8,16,24,33.0
Arua,chloramphenicol,23,95,128,246,39.0
Arua,ciprofloxacin,24,147,61,232,63.0
Arua,clindamycin,0,0,8,8,0.0
Arua,doxycycline,17,0,15,32,0.0
Arua,gentamicin,69,133,76,278,48.0
Arua,imip,16,0,207,223,0.0
Arua,piperacillin,16,90,62,168,54.0
Arua,tetracycline,0,62,45,107,58.0
Arua,trim,0,101,45,146,69.0
Arua,trimethoprim,0,1,0,1,100.0
Gulu,amikacin,128,59,225,412,14.0
Gulu,amoxicillin,80,340,38,458,74.0
Gulu,ampicillin,70,291,26,387,75.0
Gulu,azithromycin,0,0,2,2,0.0
Gulu,azitreo,0,73,0,73,100.0
Gulu,cefepime,0,0,6,6,0.0
Gulu,cefixime,0,120,0,120,100.0
Gulu,cefotaxime,24,294,67,385,76.0
Gulu,cefoxitin,0,16,0,16,100.0
Gulu,cefoxtaxime,0,0,3,3,0.0
Gulu,cefoxtin,0,24,0,24,100.0
Gulu,ceftaz,72,272,24,368,74.0
Gulu,ceftazidime,0,0,24,24,0.0
Gulu,ceftriaxone,40,358,86,484,74.0
Gulu,cefuroxime,0,170,6,176,97.0
Gulu,chloramphenicol,16,269,261,546,49.0
Gulu,ciprofloxacin,99,428,184,711,60.0
Gulu,clindamycin,24,72,98,194,37.0
Gulu,doxycycline,0,24,1,25,96.0
Gulu,ertapenem,56,25,80,161,16.0
Gulu,erythromycin,0,112,97,209,54.0
Gulu,fosfomycin,0,0,26,26,0.0
Gulu,gentamicin,51,301,173,525,57.0
Gulu,imip,89,40,320,449,9.0
Gulu,linezolid,0,0,195,195,0.0
Gulu,meropenem,105,64,117,286,22.0
Gulu,nalidixic,19,186,0,205,91.0
Gulu,nitrofurantoin,0,24,24,48,50.0
Gulu,oxacilin,40,72,0,112,64.0
Gulu,penicillin,19,193,24,236,82.0
Gulu,piperacillin,0,177,65,242,73.0
Gulu,rifampcin,0,0,40,40,0.0
Gulu,streptomycin,0,26,0,26,100.0
Gulu,tetracycline,0,162,105,267,61.0
Gulu,trim,0,175,17,192,91.0
Gulu,vanco,24,0,0,24,0.0
Jinja,amikacin,0,8,20,28,29.0
Jinja,ampicillin,0,22,0,22,100.0
Jinja,cefepime,4,0,0,4,0.0
Jinja,cefixime,0,6,5,11,55.0
Jinja,ceftaz,0,1,5,6,17.0
Jinja,ceftriaxone,5,4,22,31,13.0
Jinja,chloramphenicol,0,6,0,6,100.0
Jinja,ciprofloxacin,3,14,26,43,33.0
Jinja,clindamycin,0,6,4,10,60.0
Jinja,doxycycline,0,0,5,5,0.0
Jinja,erythromycin,0,14,3,17,82.0
Jinja,gentamicin,0,9,26,35,26.0
Jinja,imip,6,0,16,22,0.0
Jinja,oxacilin,5,3,0,8,38.0
Jinja,piperacillin,2,0,0,2,0.0
Jinja,tetracycline,13,23,1,37,62.0
Jinja,trim,4,28,20,52,54.0
Kabale,amikacin,0,0,156,156,0.0
Kabale,amoxicillin,10,216,38,264,82.0
Kabale,ampicillin,0,224,0,224,100.0
Kabale,azithromycin,0,19,3,22,86.0
Kabale,azitreo,0,50,38,88,57.0
Kabale,cefixime,0,90,0,90,100.0
Kabale,ceftaz,9,28,29,66,42.0
Kabale,ceftriaxone,0,196,96,292,67.0
Kabale,chloramphenicol,28,59,358,445,13.0
Kabale,ciprofloxacin,47,183,223,453,40.0
Kabale,clindamycin,0,0,151,151,0.0
Kabale,erythromycin,1,29,126,156,19.0
Kabale,gentamicin,19,87,295,401,22.0
Kabale,imip,0,0,292,292,0.0
Kabale,nalidixic,19,1,9,29,3.0
Kabale,nitrofurantoin,18,9,45,72,12.0
Kabale,oxacilin,0,0,95,95,0.0
Kabale,penicillin,0,19,0,19,100.0
Kabale,tetracycline,33,160,183,376,43.0
Kabale,trim,19,222,168,409,54.0
Kabale,vanco,0,0,33,33,0.0
Lira,amikacin,0,29,29,58,50.0
Lira,amoxicillin,58,115,29,202,57.0
Lira,ampicillin,0,206,0,206,100.0
Lira,azithromycin,0,147,47,194,76.0
Lira,cefepime,18,155,49,222,70.0
Lira,cefotaxime,0,116,0,116,100.0
Lira,ceftaz,0,50,0,50,100.0
Lira,ceftriaxone,0,517,49,566,91.0
Lira,cefuroxime,0,76,0,76,100.0
Lira,chloramphenicol,0,372,410,782,48.0
Lira,ciprofloxacin,123,658,268,1049,63.0
Lira,clindamycin,76,104,175,355,29.0
Lira,doxycycline,1,102,108,211,48.0
Lira,erythromycin,47,154,1,202,76.0
Lira,gentamicin,29,496,301,826,60.0
Lira,imip,0,76,221,297,26.0
Lira,linezolid,0,0,32,32,0.0
Lira,oxacilin,0,115,47,162,71.0
Lira,penicillin,0,18,0,18,100.0
Lira,piperacillin,58,442,202,702,63.0
Lira,tetracycline,0,87,0,87,100.0
Lira,trim,65,504,76,645,78.0
Masaka,amikacin,0,14,345,359,4.0
Masaka,amoxicillin,128,136,157,421,32.0
Masaka,ampicillin,40,335,34,409,82.0
Masaka,azitreo,0,35,34,69,51.0
Masaka,cefepime,0,144,128,272,53.0
Masaka,cefixime,0,31,0,31,100.0
Masaka,cefotaxime,0,34,31,65,52.0
Masaka,cefoxtaxime,0,17,0,17,100.0
Masaka,ceftaz,34,181,111,326,56.0
Masaka,ceftriaxone,28,361,111,500,72.0
Masaka,cefuroxime,0,17,0,17,100.0
Masaka,chloramphenicol,0,141,322,463,30.0
Masaka,ciprofloxacin,85,381,256,722,53.0
Masaka,clindamycin,17,34,71,122,28.0
Masaka,doxycycline,0,17,66,83,20.0
Masaka,erythromycin,0,102,0,102,100.0
Masaka,gentamicin,17,295,290,602,49.0
Masaka,imip,62,48,608,718,7.0
Masaka,levofloxacin,48,0,133,181,0.0
Masaka,linezolid,0,0,57,57,0.0
Masaka,nalidixic,0,0,17,17,0.0
Masaka,nitrofurantoin,0,1,34,35,3.0
Masaka,oxacilin,0,20,0,20,100.0
Masaka,piperacillin,170,204,296,670,30.0
Masaka,tetracycline,0,15,54,69,22.0
Masaka,trim,20,597,14,631,95.0
Mbale,amikacin,0,19,23,42,45.0
Mbale,amoxicillin,0,91,0,91,100.0
Mbale,ampicillin,0,117,11,128,91.0
Mbale,azitreo,11,0,0,11,0.0
Mbale,cefepime,38,121,95,254,48.0
Mbale,cefixime,0,11,0,11,100.0
Mbale,cefotaxime,0,19,0,19,100.0
Mbale,cefoxitin,0,109,106,215,51.0
Mbale,ceftaz,38,139,38,215,65.0
Mbale,ceftriaxone,19,328,95,442,74.0
Mbale,cefuroxime,0,23,0,23,100.0
Mbale,chloramphenicol,19,169,178,366,46.0
Mbale,ciprofloxacin,58,348,38,444,78.0
Mbale,clindamycin,0,43,19,62,69.0
Mbale,doripenem,0,0,12,12,0.0
Mbale,doxycycline,11,98,57,166,59.0
Mbale,ertapenem,0,0,11,11,0.0
Mbale,erythromycin,0,43,0,43,100.0
Mbale,gentamicin,76,245,107,428,57.0
Mbale,imip,41,117,273,431,27.0
Mbale,linezolid,0,0,11,11,0.0
Mbale,meropenem,0,0,23,23,0.0
Mbale,nalidixic,0,19,0,19,100.0
Mbale,nitrofurantoin,0,1,20,21,5.0
Mbale,penicillin,0,1,0,1,100.0
Mbale,piperacillin,136,171,109,416,41.0
Mbale,tetracycline,19,41,0,60,68.0
Mbale,trim,0,326,79,405,80.0
Mbarara,amikacin,0,0,38,38,0.0
Mbarara,amoxicillin,68,548,418,1034,53.0
Mbarara,ampicillin,0,68,0,68,100.0
Mbarara,azitreo,0,318,276,594,54.0
Mbarara,aztreom,0,50,4,54,93.0
Mbarara,cefepime,50,372,219,641,58.0
Mbarara,cefixime,0,150,0,150,100.0
Mbarara,cefotaxime,0,123,50,173,71.0
Mbarara,cefoxtaxime,0,50,0,50,100.0
Mbarara,ceftaz,91,806,354,1251,64.0
Mbarara,ceftriaxone,0,1062,224,1286,83.0
Mbarara,cefuroxime,0,50,0,50,100.0
Mbarara,chloramphenicol,68,293,733,1094,27.0
Mbarara,ciprofloxacin,309,524,433,1266,41.0
Mbarara,clindamycin,0,118,0,118,100.0
Mbarara,doxycycline,50,258,68,376,69.0
Mbarara,erythromycin,0,118,18,136,87.0
Mbarara,gentamicin,0,655,739,1394,47.0
Mbarara,imip,206,50,1256,1512,3.0
Mbarara,levofloxacin,118,509,211,838,61.0
Mbarara,meropenem,150,86,730,966,9.0
Mbarara,oxacilin,0,68,55,123,55.0
Mbarara,piperacillin,744,1426,1194,3364,42.0
Mbarara,tetracycline,0,416,360,776,54.0
Mbarara,trim,50,960,24,1034,93.0
Soroti,amikacin,0,0,14,14,0.0
Soroti,amoxicillin,0,103,0,103,100.0
Soroti,ampicillin,0,108,0,108,100.0
Soroti,azithromycin,0,33,14,47,70.0
Soroti,cefepime,0,103,0,103,100.0
Soroti,cefotaxime,5,0,0,5,0.0
Soroti,cefoxitin,0,84,19,103,82.0
Soroti,ceftaz,0,14,0,14,100.0
Soroti,ceftriaxone,0,103,14,117,88.0
Soroti,chloramphenicol,0,71,62,133,53.0
Soroti,ciprofloxacin,14,113,29,156,72.0
Soroti,clindamycin,0,5,34,39,13.0
Soroti,doxycycline,0,19,5,24,79.0
Soroti,erythromycin,0,25,14,39,64.0
Soroti,gentamicin,14,118,43,175,67.0
Soroti,imip,0,14,56,70,20.0
Soroti,nitrofurantoin,0,0,19,19,0.0
Soroti,piperacillin,0,28,0,28,100.0
