Antibiotic,I,R,S,I+R+S,%R,Pathogen
amikacin,0,6,48,54,11.11,Citrobacter spp
amoxicillin,36,122,87,245,49.8,Citrobacter spp
ampicillin,4,71,3,78,91.03,Citrobacter spp
azithromycin,0,9,2,11,81.82,Citrobacter spp
azitreo,1,54,50,105,51.43,Citrobacter spp
aztreom,0,8,0,8,100.0,Citrobacter spp
cefepime,9,98,58,165,59.39,Citrobacter spp
cefixime,0,33,0,33,100.0,Citrobacter spp
cefotaxime,0,36,11,47,76.6,Citrobacter spp
cefoxitin,0,4,14,18,22.22,Citrobacter spp
cefoxtaxime,0,9,0,9,100.0,Citrobacter spp
ceftaz,20,162,75,257,63.04,Citrobacter spp
ceftriaxone,6,268,55,329,81.46,Citrobacter spp
cefuroxime,0,16,2,18,88.89,Citrobacter spp
chloramphenicol,15,96,193,304,31.58,Citrobacter spp
ciprofloxacin,66,180,120,366,49.18,Citrobacter spp
clindamycin,5,28,16,49,57.14,Citrobacter spp
doripenem,0,0,1,1,0.0,Citrobacter spp
doxycycline,11,45,27,83,54.22,Citrobacter spp
ertapenem,0,0,1,1,0.0,Citrobacter spp
erythromycin,2,36,4,42,85.71,Citrobacter spp
gentamicin,12,184,175,371,49.6,Citrobacter spp
imip,44,18,308,370,4.86,Citrobacter spp
levofloxacin,24,84,47,155,54.19,Citrobacter spp
linezolid,0,0,8,8,0.0,Citrobacter spp
meropenem,24,16,122,162,9.88,Citrobacter spp
nalidixic,0,0,1,1,0.0,Citrobacter spp
nitrofurantoin,0,0,2,2,0.0,Citrobacter spp
oxacilin,0,18,10,28,64.29,Citrobacter spp
piperacillin,146,297,243,686,43.29,Citrobacter spp
tetracycline,0,86,70,156,55.13,Citrobacter spp
trim,12,266,18,296,89.86,Citrobacter spp
amikacin,34,38,241,313,12.14,Escherichia coli
amoxicillin,90,513,197,800,64.12,Escherichia coli
ampicillin,23,426,15,464,91.81,Escherichia coli
azithromycin,0,54,15,69,78.26,Escherichia coli
azitreo,3,154,103,260,59.23,Escherichia coli
aztreom,0,17,1,18,94.44,Escherichia coli
cefepime,35,269,143,447,60.18,Escherichia coli
cefixime,0,146,2,148,98.65,Escherichia coli
cefotaxime,9,155,40,204,75.98,Escherichia coli
cefoxitin,0,63,63,126,50.0,Escherichia coli
cefoxtaxime,0,19,0,19,100.0,Escherichia coli
cefoxtin,0,7,0,7,100.0,Escherichia coli
ceftaz,63,438,167,668,65.57,Escherichia coli
ceftazidime,0,0,7,7,0.0,Escherichia coli
ceftriaxone,30,849,218,1097,77.39,Escherichia coli
cefuroxime,0,86,6,92,93.48,Escherichia coli
chloramphenicol,49,381,705,1135,33.57,Escherichia coli
ciprofloxacin,218,749,417,1384,54.12,Escherichia coli
clindamycin,23,101,153,277,36.46,Escherichia coli
doripenem,0,0,4,4,0.0,Escherichia coli
doxycycline,23,150,76,249,60.24,Escherichia coli
ertapenem,13,7,23,43,16.28,Escherichia coli
erythromycin,9,157,93,259,60.62,Escherichia coli
fosfomycin,0,0,8,8,0.0,Escherichia coli
gentamicin,72,631,593,1296,48.69,Escherichia coli
imip,122,85,923,1130,7.52,Escherichia coli
levofloxacin,45,163,82,290,56.21,Escherichia coli
linezolid,0,0,68,68,0.0,Escherichia coli
meropenem,78,40,273,391,10.23,Escherichia coli
nalidixic,12,54,8,74,72.97,Escherichia coli
nitrofurantoin,12,13,53,78,16.67,Escherichia coli
oxacilin,12,67,72,151,44.37,Escherichia coli
penicillin,4,64,7,75,85.33,Escherichia coli
piperacillin,311,697,517,1525,45.7,Escherichia coli
rifampcin,0,0,10,10,0.0,Escherichia coli
streptomycin,0,8,0,8,100.0,Escherichia coli
tetracycline,22,316,248,586,53.92,Escherichia coli
trim,45,782,148,975,80.21,Escherichia coli
trimethoprim,0,1,0,1,100.0,Escherichia coli
vanco,7,0,15,22,0.0,Escherichia coli
amikacin,6,11,63,80,13.75,Klebsiella pneumoniae
amoxicillin,37,115,66,218,52.75,Klebsiella pneumoniae
ampicillin,7,94,6,107,87.85,Klebsiella pneumoniae
azithromycin,0,16,4,20,80.0,Klebsiella pneumoniae
azitreo,1,43,29,73,58.9,Klebsiella pneumoniae
aztreom,0,5,1,6,83.33,Klebsiella pneumoniae
cefepime,12,89,50,151,58.94,Klebsiella pneumoniae
cefixime,0,32,0,32,100.0,Klebsiella pneumoniae
cefotaxime,1,49,11,61,80.33,Klebsiella pneumoniae
cefoxitin,0,15,25,40,37.5,Klebsiella pneumoniae
cefoxtaxime,0,7,0,7,100.0,Klebsiella pneumoniae
cefoxtin,0,1,0,1,100.0,Klebsiella pneumoniae
ceftaz,19,138,60,217,63.59,Klebsiella pneumoniae
ceftazidime,0,0,1,1,0.0,Klebsiella pneumoniae
ceftriaxone,7,276,59,342,80.7,Klebsiella pneumoniae
cefuroxime,0,28,1,29,96.55,Klebsiella pneumoniae
chloramphenicol,13,126,190,329,38.3,Klebsiella pneumoniae
ciprofloxacin,67,227,127,421,53.92,Klebsiella pneumoniae
clindamycin,11,25,37,73,34.25,Klebsiella pneumoniae
doripenem,0,0,1,1,0.0,Klebsiella pneumoniae
doxycycline,12,44,31,87,50.57,Klebsiella pneumoniae
ertapenem,3,1,5,9,11.11,Klebsiella pneumoniae
erythromycin,4,38,6,48,79.17,Klebsiella pneumoniae
fosfomycin,0,0,1,1,0.0,Klebsiella pneumoniae
gentamicin,24,205,157,386,53.11,Klebsiella pneumoniae
imip,38,32,294,364,8.79,Klebsiella pneumoniae
levofloxacin,16,49,35,100,49.0,Klebsiella pneumoniae
linezolid,0,0,20,20,0.0,Klebsiella pneumoniae
meropenem,20,10,77,107,9.35,Klebsiella pneumoniae
nalidixic,1,11,2,14,78.57,Klebsiella pneumoniae
nitrofurantoin,0,1,7,8,12.5,Klebsiella pneumoniae
oxacilin,2,19,10,31,61.29,Klebsiella pneumoniae
penicillin,1,9,1,11,81.82,Klebsiella pneumoniae
piperacillin,119,247,179,545,45.32,Klebsiella pneumoniae
rifampcin,0,0,2,2,0.0,Klebsiella pneumoniae
streptomycin,0,1,0,1,100.0,Klebsiella pneumoniae
tetracycline,6,77,52,135,57.04,Klebsiella pneumoniae
trim,11,273,26,310,88.06,Klebsiella pneumoniae
vanco,1,0,4,5,0.0,Klebsiella pneumoniae
amikacin,32,27,168,227,11.89,Staphylococcus aureus
amoxicillin,61,277,78,416,66.59,Staphylococcus aureus
ampicillin,22,301,12,335,89.85,Staphylococcus aureus
azithromycin,0,69,22,91,75.82,Staphylococcus aureus
azitreo,2,50,38,90,55.56,Staphylococcus aureus
aztreom,0,3,0,3,100.0,Staphylococcus aureus
cefepime,16,131,58,205,63.9,Staphylococcus aureus
cefixime,0,80,1,81,98.77,Staphylococcus aureus
cefotaxime,8,117,23,148,79.05,Staphylococcus aureus
cefoxitin,0,33,20,53,62.26,Staphylococcus aureus
cefoxtaxime,0,5,0,5,100.0,Staphylococcus aureus
cefoxtin,0,6,0,6,100.0,Staphylococcus aureus
ceftaz,33,187,59,279,67.03,Staphylococcus aureus
ceftazidime,0,0,6,6,0.0,Staphylococcus aureus
ceftriaxone,17,481,113,611,78.72,Staphylococcus aureus
cefuroxime,0,75,1,76,98.68,Staphylococcus aureus
chloramphenicol,19,287,454,760,37.76,Staphylococcus aureus
ciprofloxacin,119,536,280,935,57.33,Staphylococcus aureus
clindamycin,31,89,161,281,31.67,Staphylococcus aureus
doripenem,0,0,2,2,0.0,Staphylococcus aureus
doxycycline,8,80,54,142,56.34,Staphylococcus aureus
ertapenem,14,6,22,42,14.29,Staphylococcus aureus
erythromycin,16,144,76,236,61.02,Staphylococcus aureus
fosfomycin,0,0,6,6,0.0,Staphylococcus aureus
gentamicin,40,405,374,819,49.45,Staphylococcus aureus
imip,50,54,434,538,10.04,Staphylococcus aureus
levofloxacin,14,34,32,80,42.5,Staphylococcus aureus
linezolid,0,0,68,68,0.0,Staphylococcus aureus
meropenem,35,23,80,138,16.67,Staphylococcus aureus
nalidixic,11,47,2,60,78.33,Staphylococcus aureus
nitrofurantoin,0,7,17,24,29.17,Staphylococcus aureus
oxacilin,11,71,55,137,51.82,Staphylococcus aureus
penicillin,5,66,6,77,85.71,Staphylococcus aureus
piperacillin,97,309,238,644,47.98,Staphylococcus aureus
rifampcin,0,0,10,10,0.0,Staphylococcus aureus
streptomycin,0,6,0,6,100.0,Staphylococcus aureus
tetracycline,13,147,119,279,52.69,Staphylococcus aureus
trim,39,445,104,588,75.68,Staphylococcus aureus
vanco,6,0,1,7,0.0,Staphylococcus aureus
amikacin,12,13,29,54,24.07,Proteus mirabilis
amoxicillin,19,80,31,130,61.54,Proteus mirabilis
ampicillin,10,62,2,74,83.78,Proteus mirabilis
azithromycin,0,6,1,7,85.71,Proteus mirabilis
azitreo,1,16,12,29,55.17,Proteus mirabilis
aztreom,0,2,0,2,100.0,Proteus mirabilis
cefepime,4,38,19,61,62.3,Proteus mirabilis
cefixime,0,28,0,28,100.0,Proteus mirabilis
cefotaxime,1,43,10,54,79.63,Proteus mirabilis
cefoxitin,0,15,18,33,45.45,Proteus mirabilis
cefoxtaxime,0,2,2,4,50.0,Proteus mirabilis
cefoxtin,0,1,0,1,100.0,Proteus mirabilis
ceftaz,17,74,22,113,65.49,Proteus mirabilis
ceftazidime,0,0,1,1,0.0,Proteus mirabilis
ceftriaxone,7,128,30,165,77.58,Proteus mirabilis
cefuroxime,0,23,6,29,79.31,Proteus mirabilis
chloramphenicol,11,70,82,163,42.94,Proteus mirabilis
ciprofloxacin,33,102,58,193,52.85,Proteus mirabilis
clindamycin,1,10,18,29,34.48,Proteus mirabilis
doripenem,0,0,1,1,0.0,Proteus mirabilis
doxycycline,7,14,5,26,53.85,Proteus mirabilis
ertapenem,9,1,11,21,4.76,Proteus mirabilis
erythromycin,0,16,16,32,50.0,Proteus mirabilis
fosfomycin,0,0,1,1,0.0,Proteus mirabilis
gentamicin,25,96,66,187,51.34,Proteus mirabilis
imip,29,10,130,169,5.92,Proteus mirabilis
levofloxacin,5,21,9,35,60.0,Proteus mirabilis
linezolid,0,0,19,19,0.0,Proteus mirabilis
meropenem,17,10,42,69,14.49,Proteus mirabilis
nalidixic,6,21,0,27,77.78,Proteus mirabilis
nitrofurantoin,0,1,2,3,33.33,Proteus mirabilis
oxacilin,5,6,2,13,46.15,Proteus mirabilis
penicillin,4,18,1,23,78.26,Proteus mirabilis
piperacillin,37,92,80,209,44.02,Proteus mirabilis
rifampcin,0,0,5,5,0.0,Proteus mirabilis
streptomycin,0,1,0,1,100.0,Proteus mirabilis
tetracycline,0,49,32,81,60.49,Proteus mirabilis
trim,2,85,13,100,85.0,Proteus mirabilis
vanco,1,0,0,1,0.0,Proteus mirabilis
amikacin,0,1,3,4,25.0,Morganella morganii
amoxicillin,3,4,0,7,57.14,Morganella morganii
ampicillin,0,6,0,6,100.0,Morganella morganii
azithromycin,0,1,0,1,100.0,Morganella morganii
cefepime,0,4,3,7,57.14,Morganella morganii
cefixime,0,2,0,2,100.0,Morganella morganii
cefotaxime,0,2,0,2,100.0,Morganella morganii
cefoxitin,0,0,5,5,0.0,Morganella morganii
ceftaz,0,1,1,2,50.0,Morganella morganii
ceftriaxone,1,7,3,11,63.64,Morganella morganii
cefuroxime,0,0,1,1,0.0,Morganella morganii
chloramphenicol,1,4,8,13,30.77,Morganella morganii
ciprofloxacin,1,7,3,11,63.64,Morganella morganii
doxycycline,0,0,1,1,0.0,Morganella morganii
gentamicin,4,6,4,14,42.86,Morganella morganii
imip,1,0,10,11,0.0,Morganella morganii
piperacillin,0,6,2,8,75.0,Morganella morganii
tetracycline,0,3,3,6,50.0,Morganella morganii
trim,0,4,3,7,57.14,Morganella morganii
amikacin,0,5,59,64,7.81,Klebsiella spp
amoxicillin,20,148,88,256,57.81,Klebsiella spp
ampicillin,2,85,4,91,93.41,Klebsiella spp
azithromycin,0,5,1,6,83.33,Klebsiella spp
azitreo,0,64,48,112,57.14,Klebsiella spp
aztreom,0,9,0,9,100.0,Klebsiella spp
cefepime,15,99,62,176,56.25,Klebsiella spp
cefixime,0,41,0,41,100.0,Klebsiella spp
cefotaxime,0,27,12,39,69.23,Klebsiella spp
cefoxitin,0,18,21,39,46.15,Klebsiella spp
cefoxtaxime,0,11,0,11,100.0,Klebsiella spp
ceftaz,20,175,73,268,65.3,Klebsiella spp
ceftriaxone,6,275,73,354,77.68,Klebsiella spp
cefuroxime,0,11,1,12,91.67,Klebsiella spp
chloramphenicol,17,92,212,321,28.66,Klebsiella spp
ciprofloxacin,76,195,120,391,49.87,Klebsiella spp
clindamycin,2,24,24,50,48.0,Klebsiella spp
doxycycline,9,60,26,95,63.16,Klebsiella spp
ertapenem,0,1,0,1,100.0,Klebsiella spp
erythromycin,0,34,15,49,69.39,Klebsiella spp
gentamicin,21,185,188,394,46.95,Klebsiella spp
imip,46,30,336,412,7.28,Klebsiella spp
levofloxacin,24,84,44,152,55.26,Klebsiella spp
linezolid,0,0,4,4,0.0,Klebsiella spp
meropenem,28,11,121,160,6.88,Klebsiella spp
nalidixic,2,3,3,8,37.5,Klebsiella spp
nitrofurantoin,2,2,13,17,11.76,Klebsiella spp
oxacilin,0,11,19,30,36.67,Klebsiella spp
penicillin,0,2,0,2,100.0,Klebsiella spp
piperacillin,156,283,224,663,42.68,Klebsiella spp
tetracycline,5,91,84,180,50.56,Klebsiella spp
trim,12,267,32,311,85.85,Klebsiella spp
vanco,0,0,2,2,0.0,Klebsiella spp
amikacin,8,2,16,26,7.69,Corynebacterium spp
amoxicillin,4,20,0,24,83.33,Corynebacterium spp
ampicillin,4,16,2,22,72.73,Corynebacterium spp
azitreo,0,6,0,6,100.0,Corynebacterium spp
cefixime,0,6,0,6,100.0,Corynebacterium spp
cefotaxime,2,16,4,22,72.73,Corynebacterium spp
cefoxtin,0,2,0,2,100.0,Corynebacterium spp
ceftaz,2,16,2,20,80.0,Corynebacterium spp
ceftazidime,0,0,2,2,0.0,Corynebacterium spp
ceftriaxone,2,20,4,26,76.92,Corynebacterium spp
cefuroxime,0,10,0,10,100.0,Corynebacterium spp
chloramphenicol,0,14,16,30,46.67,Corynebacterium spp
ciprofloxacin,4,26,8,38,68.42,Corynebacterium spp
clindamycin,2,6,4,12,50.0,Corynebacterium spp
doxycycline,0,2,0,2,100.0,Corynebacterium spp
ertapenem,2,2,4,8,25.0,Corynebacterium spp
erythromycin,0,8,4,12,66.67,Corynebacterium spp
fosfomycin,0,0,2,2,0.0,Corynebacterium spp
gentamicin,0,18,10,28,64.29,Corynebacterium spp
imip,2,2,18,22,9.09,Corynebacterium spp
linezolid,0,0,12,12,0.0,Corynebacterium spp
meropenem,6,4,8,18,22.22,Corynebacterium spp
nalidixic,0,10,0,10,100.0,Corynebacterium spp
nitrofurantoin,0,2,2,4,50.0,Corynebacterium spp
oxacilin,2,6,0,8,75.0,Corynebacterium spp
penicillin,0,12,2,14,85.71,Corynebacterium spp
piperacillin,0,12,2,14,85.71,Corynebacterium spp
rifampcin,0,0,2,2,0.0,Corynebacterium spp
streptomycin,0,2,0,2,100.0,Corynebacterium spp
tetracycline,0,8,6,14,57.14,Corynebacterium spp
trim,0,10,0,10,100.0,Corynebacterium spp
vanco,2,0,0,2,0.0,Corynebacterium spp
amikacin,18,13,44,75,17.33,Acinetobacter spp
amoxicillin,23,92,32,147,62.59,Acinetobacter spp
ampicillin,11,74,3,88,84.09,Acinetobacter spp
azithromycin,0,11,4,15,73.33,Acinetobacter spp
azitreo,0,24,21,45,53.33,Acinetobacter spp
aztreom,0,2,1,3,66.67,Acinetobacter spp
cefepime,3,39,18,60,65.0,Acinetobacter spp
cefixime,0,25,0,25,100.0,Acinetobacter spp
cefotaxime,3,59,13,75,78.67,Acinetobacter spp
cefoxitin,0,9,1,10,90.0,Acinetobacter spp
cefoxtaxime,0,2,1,3,66.67,Acinetobacter spp
cefoxtin,0,3,0,3,100.0,Acinetobacter spp
ceftaz,21,86,25,132,65.15,Acinetobacter spp
ceftazidime,0,0,3,3,0.0,Acinetobacter spp
ceftriaxone,8,160,30,198,80.81,Acinetobacter spp
cefuroxime,0,31,2,33,93.94,Acinetobacter spp
chloramphenicol,8,86,108,202,42.57,Acinetobacter spp
ciprofloxacin,40,139,78,257,54.09,Acinetobacter spp
clindamycin,8,23,29,60,38.33,Acinetobacter spp
doxycycline,2,22,14,38,57.89,Acinetobacter spp
ertapenem,9,3,12,24,12.5,Acinetobacter spp
erythromycin,3,34,19,56,60.71,Acinetobacter spp
fosfomycin,0,0,3,3,0.0,Acinetobacter spp
gentamicin,13,112,95,220,50.91,Acinetobacter spp
imip,27,15,143,185,8.11,Acinetobacter spp
levofloxacin,8,27,18,53,50.94,Acinetobacter spp
linezolid,0,0,29,29,0.0,Acinetobacter spp
meropenem,21,17,55,93,18.28,Acinetobacter spp
nalidixic,4,27,0,31,87.1,Acinetobacter spp
nitrofurantoin,0,3,4,7,42.86,Acinetobacter spp
oxacilin,6,21,5,32,65.62,Acinetobacter spp
penicillin,3,28,3,34,82.35,Acinetobacter spp
piperacillin,48,135,100,283,47.7,Acinetobacter spp
rifampcin,0,0,6,6,0.0,Acinetobacter spp
streptomycin,0,3,0,3,100.0,Acinetobacter spp
tetracycline,0,54,36,90,60.0,Acinetobacter spp
trim,6,119,12,137,86.86,Acinetobacter spp
vanco,3,0,0,3,0.0,Acinetobacter spp
amikacin,0,0,28,28,0.0,Serratia spp
amoxicillin,0,4,4,8,50.0,Serratia spp
ampicillin,0,10,4,14,71.43,Serratia spp
azitreo,0,4,4,8,50.0,Serratia spp
cefepime,0,4,0,4,100.0,Serratia spp
cefixime,0,2,1,3,66.67,Serratia spp
cefotaxime,0,0,2,2,0.0,Serratia spp
cefoxtaxime,0,2,0,2,100.0,Serratia spp
ceftaz,0,8,3,11,72.73,Serratia spp
ceftriaxone,1,18,5,24,75.0,Serratia spp
cefuroxime,0,2,0,2,100.0,Serratia spp
chloramphenicol,0,6,6,12,50.0,Serratia spp
ciprofloxacin,2,14,11,27,51.85,Serratia spp
clindamycin,2,0,2,4,0.0,Serratia spp
doxycycline,0,2,3,5,40.0,Serratia spp
erythromycin,0,4,0,4,100.0,Serratia spp
gentamicin,2,12,11,25,48.0,Serratia spp
imip,1,4,26,31,12.9,Serratia spp
levofloxacin,4,0,10,14,0.0,Serratia spp
linezolid,0,0,2,2,0.0,Serratia spp
nalidixic,0,0,2,2,0.0,Serratia spp
nitrofurantoin,0,0,4,4,0.0,Serratia spp
oxacilin,1,0,0,1,0.0,Serratia spp
piperacillin,12,16,8,36,44.44,Serratia spp
tetracycline,2,1,4,7,14.29,Serratia spp
trim,0,15,4,19,78.95,Serratia spp
amikacin,2,2,37,41,4.88,Enterobacter spp
amoxicillin,7,21,10,38,55.26,Enterobacter spp
ampicillin,3,28,5,36,77.78,Enterobacter spp
azitreo,1,4,4,9,44.44,Enterobacter spp
cefepime,0,13,6,19,68.42,Enterobacter spp
cefixime,0,6,1,7,85.71,Enterobacter spp
cefotaxime,0,9,3,12,75.0,Enterobacter spp
cefoxitin,0,4,1,5,80.0,Enterobacter spp
cefoxtaxime,0,2,0,2,100.0,Enterobacter spp
ceftaz,6,24,7,37,64.86,Enterobacter spp
ceftriaxone,2,45,13,60,75.0,Enterobacter spp
cefuroxime,0,7,0,7,100.0,Enterobacter spp
chloramphenicol,1,22,32,55,40.0,Enterobacter spp
ciprofloxacin,9,43,26,78,55.13,Enterobacter spp
clindamycin,2,3,7,12,25.0,Enterobacter spp
doripenem,0,0,1,1,0.0,Enterobacter spp
doxycycline,1,4,4,9,44.44,Enterobacter spp
ertapenem,2,0,3,5,0.0,Enterobacter spp
erythromycin,0,9,3,12,75.0,Enterobacter spp
gentamicin,5,39,28,72,54.17,Enterobacter spp
imip,8,7,59,74,9.46,Enterobacter spp
levofloxacin,4,2,11,17,11.76,Enterobacter spp
linezolid,0,0,8,8,0.0,Enterobacter spp
meropenem,2,1,6,9,11.11,Enterobacter spp
nalidixic,1,4,2,7,57.14,Enterobacter spp
nitrofurantoin,0,0,4,4,0.0,Enterobacter spp
oxacilin,2,1,2,5,20.0,Enterobacter spp
penicillin,1,3,0,4,75.0,Enterobacter spp
piperacillin,16,29,23,68,42.65,Enterobacter spp
rifampcin,0,0,1,1,0.0,Enterobacter spp
tetracycline,2,11,10,23,47.83,Enterobacter spp
trim,1,52,9,62,83.87,Enterobacter spp
amikacin,0,0,2,2,0.0,Streptococcus pneumoniae
amoxicillin,4,3,0,7,42.86,Streptococcus pneumoniae
ampicillin,0,3,0,3,100.0,Streptococcus pneumoniae
azithromycin,0,0,1,1,0.0,Streptococcus pneumoniae
azitreo,0,5,0,5,100.0,Streptococcus pneumoniae
cefepime,0,0,1,1,0.0,Streptococcus pneumoniae
cefixime,0,2,0,2,100.0,Streptococcus pneumoniae
ceftaz,0,0,4,4,0.0,Streptococcus pneumoniae
ceftriaxone,0,3,5,8,37.5,Streptococcus pneumoniae
chloramphenicol,0,1,13,14,7.14,Streptococcus pneumoniae
ciprofloxacin,0,1,5,6,16.67,Streptococcus pneumoniae
clindamycin,0,0,7,7,0.0,Streptococcus pneumoniae
erythromycin,0,0,1,1,0.0,Streptococcus pneumoniae
gentamicin,0,4,4,8,50.0,Streptococcus pneumoniae
imip,0,0,7,7,0.0,Streptococcus pneumoniae
tetracycline,6,4,4,14,28.57,Streptococcus pneumoniae
trim,0,6,2,8,75.0,Streptococcus pneumoniae
vanco,0,0,6,6,0.0,Streptococcus pneumoniae
amikacin,4,6,36,46,13.04,Proteus vulgaris
amoxicillin,22,58,25,105,55.24,Proteus vulgaris
ampicillin,6,74,2,82,90.24,Proteus vulgaris
azithromycin,0,11,3,14,78.57,Proteus vulgaris
azitreo,1,10,6,17,58.82,Proteus vulgaris
aztreom,0,1,0,1,100.0,Proteus vulgaris
cefepime,5,39,29,73,53.42,Proteus vulgaris
cefixime,0,15,0,15,100.0,Proteus vulgaris
cefotaxime,1,21,5,27,77.78,Proteus vulgaris
cefoxitin,0,7,11,18,38.89,Proteus vulgaris
cefoxtaxime,0,1,0,1,100.0,Proteus vulgaris
cefoxtin,0,1,0,1,100.0,Proteus vulgaris
ceftaz,8,49,21,78,62.82,Proteus vulgaris
ceftazidime,0,0,1,1,0.0,Proteus vulgaris
ceftriaxone,7,113,31,151,74.83,Proteus vulgaris
cefuroxime,0,12,1,13,92.31,Proteus vulgaris
chloramphenicol,4,60,109,173,34.68,Proteus vulgaris
ciprofloxacin,29,126,58,213,59.15,Proteus vulgaris
clindamycin,5,21,26,52,40.38,Proteus vulgaris
doripenem,0,0,1,1,0.0,Proteus vulgaris
doxycycline,2,21,16,39,53.85,Proteus vulgaris
ertapenem,1,1,3,5,20.0,Proteus vulgaris
erythromycin,3,30,8,41,73.17,Proteus vulgaris
fosfomycin,0,0,1,1,0.0,Proteus vulgaris
gentamicin,10,95,85,190,50.0,Proteus vulgaris
imip,17,15,121,153,9.8,Proteus vulgaris
levofloxacin,4,9,9,22,40.91,Proteus vulgaris
linezolid,0,0,12,12,0.0,Proteus vulgaris
meropenem,6,3,19,28,10.71,Proteus vulgaris
nalidixic,1,6,0,7,85.71,Proteus vulgaris
nitrofurantoin,0,1,2,3,33.33,Proteus vulgaris
oxacilin,1,14,9,24,58.33,Proteus vulgaris
penicillin,0,9,1,10,90.0,Proteus vulgaris
piperacillin,31,74,72,177,41.81,Proteus vulgaris
rifampcin,0,0,1,1,0.0,Proteus vulgaris
streptomycin,0,1,0,1,100.0,Proteus vulgaris
tetracycline,2,27,22,51,52.94,Proteus vulgaris
trim,9,130,22,161,80.75,Proteus vulgaris
vanco,1,0,0,1,0.0,Proteus vulgaris
amikacin,4,1,16,21,4.76,Enterococcus faecalis
amoxicillin,2,24,0,26,92.31,Enterococcus faecalis
ampicillin,2,22,2,26,84.62,Enterococcus faecalis
azitreo,0,7,0,7,100.0,Enterococcus faecalis
cefixime,0,5,0,5,100.0,Enterococcus faecalis
cefotaxime,1,9,2,12,75.0,Enterococcus faecalis
cefoxtin,0,1,0,1,100.0,Enterococcus faecalis
ceftaz,3,10,1,14,71.43,Enterococcus faecalis
ceftazidime,0,0,1,1,0.0,Enterococcus faecalis
ceftriaxone,1,23,4,28,82.14,Enterococcus faecalis
cefuroxime,0,6,0,6,100.0,Enterococcus faecalis
chloramphenicol,2,12,13,27,44.44,Enterococcus faecalis
ciprofloxacin,4,26,8,38,68.42,Enterococcus faecalis
clindamycin,1,3,2,6,50.0,Enterococcus faecalis
doxycycline,0,1,0,1,100.0,Enterococcus faecalis
ertapenem,1,1,2,4,25.0,Enterococcus faecalis
erythromycin,1,6,4,11,54.55,Enterococcus faecalis
fosfomycin,0,0,2,2,0.0,Enterococcus faecalis
gentamicin,0,18,9,27,66.67,Enterococcus faecalis
imip,1,1,24,26,3.85,Enterococcus faecalis
linezolid,0,0,7,7,0.0,Enterococcus faecalis
meropenem,3,2,5,10,20.0,Enterococcus faecalis
nalidixic,0,6,2,8,75.0,Enterococcus faecalis
nitrofurantoin,4,3,11,18,16.67,Enterococcus faecalis
oxacilin,1,3,0,4,75.0,Enterococcus faecalis
penicillin,1,6,1,8,75.0,Enterococcus faecalis
piperacillin,0,6,1,7,85.71,Enterococcus faecalis
rifampcin,0,0,1,1,0.0,Enterococcus faecalis
streptomycin,0,2,0,2,100.0,Enterococcus faecalis
tetracycline,0,17,8,25,68.0,Enterococcus faecalis
trim,0,17,2,19,89.47,Enterococcus faecalis
vanco,1,0,5,6,0.0,Enterococcus faecalis
amikacin,0,6,37,43,13.95,Pseudomos spp
amoxicillin,20,56,39,115,48.7,Pseudomos spp
ampicillin,2,52,4,58,89.66,Pseudomos spp
azithromycin,0,18,6,24,75.0,Pseudomos spp
azitreo,0,24,25,49,48.98,Pseudomos spp
aztreom,0,3,1,4,75.0,Pseudomos spp
cefepime,6,57,30,93,61.29,Pseudomos spp
cefixime,0,11,0,11,100.0,Pseudomos spp
cefotaxime,0,30,5,35,85.71,Pseudomos spp
cefoxitin,0,4,5,9,44.44,Pseudomos spp
cefoxtaxime,0,5,0,5,100.0,Pseudomos spp
ceftaz,10,74,32,116,63.79,Pseudomos spp
ceftriaxone,1,183,31,215,85.12,Pseudomos spp
cefuroxime,0,16,0,16,100.0,Pseudomos spp
chloramphenicol,6,85,124,215,39.53,Pseudomos spp
ciprofloxacin,43,157,90,290,54.14,Pseudomos spp
clindamycin,13,19,28,60,31.67,Pseudomos spp
doxycycline,3,32,27,62,51.61,Pseudomos spp
erythromycin,6,30,2,38,78.95,Pseudomos spp
gentamicin,11,133,109,253,52.57,Pseudomos spp
imip,15,23,169,207,11.11,Pseudomos spp
levofloxacin,12,33,27,72,45.83,Pseudomos spp
linezolid,0,0,9,9,0.0,Pseudomos spp
meropenem,9,7,48,64,10.94,Pseudomos spp
nalidixic,0,1,2,3,33.33,Pseudomos spp
nitrofurantoin,0,0,5,5,0.0,Pseudomos spp
oxacilin,0,19,9,28,67.86,Pseudomos spp
penicillin,0,1,0,1,100.0,Pseudomos spp
piperacillin,80,189,124,393,48.09,Pseudomos spp
tetracycline,1,43,29,73,58.9,Pseudomos spp
trim,11,181,16,208,87.02,Pseudomos spp
amoxicillin,0,3,0,3,100.0,Enterococcus spp
ampicillin,0,5,0,5,100.0,Enterococcus spp
azithromycin,0,3,1,4,75.0,Enterococcus spp
cefepime,1,2,1,4,50.0,Enterococcus spp
ceftaz,0,1,0,1,100.0,Enterococcus spp
ceftriaxone,0,6,1,7,85.71,Enterococcus spp
cefuroxime,0,1,0,1,100.0,Enterococcus spp
chloramphenicol,0,6,8,14,42.86,Enterococcus spp
ciprofloxacin,2,12,2,16,75.0,Enterococcus spp
clindamycin,1,4,3,8,50.0,Enterococcus spp
doxycycline,0,4,1,5,80.0,Enterococcus spp
erythromycin,1,5,0,6,83.33,Enterococcus spp
gentamicin,0,8,7,15,53.33,Enterococcus spp
imip,0,1,1,2,50.0,Enterococcus spp
oxacilin,0,3,1,4,75.0,Enterococcus spp
penicillin,0,1,0,1,100.0,Enterococcus spp
piperacillin,0,2,8,10,20.0,Enterococcus spp
trim,2,5,1,8,62.5,Enterococcus spp
amikacin,0,5,3,8,62.5,Citrobacter koseri
amoxicillin,2,17,1,20,85.0,Citrobacter koseri
ampicillin,0,26,1,27,96.3,Citrobacter koseri
azithromycin,0,3,1,4,75.0,Citrobacter koseri
azitreo,1,0,0,1,0.0,Citrobacter koseri
cefepime,8,24,21,53,45.28,Citrobacter koseri
cefixime,0,1,0,1,100.0,Citrobacter koseri
cefotaxime,0,8,0,8,100.0,Citrobacter koseri
cefoxitin,0,19,21,40,47.5,Citrobacter koseri
ceftaz,8,25,8,41,60.98,Citrobacter koseri
ceftriaxone,4,71,21,96,73.96,Citrobacter koseri
cefuroxime,0,4,0,4,100.0,Citrobacter koseri
chloramphenicol,4,38,41,83,45.78,Citrobacter koseri
ciprofloxacin,15,76,16,107,71.03,Citrobacter koseri
clindamycin,2,7,8,17,41.18,Citrobacter koseri
doripenem,0,0,1,1,0.0,Citrobacter koseri
doxycycline,1,19,15,35,54.29,Citrobacter koseri
ertapenem,0,0,1,1,0.0,Citrobacter koseri
erythromycin,1,8,0,9,88.89,Citrobacter koseri
gentamicin,17,50,27,94,53.19,Citrobacter koseri
imip,6,24,59,89,26.97,Citrobacter koseri
linezolid,0,0,2,2,0.0,Citrobacter koseri
meropenem,0,0,2,2,0.0,Citrobacter koseri
nalidixic,0,4,0,4,100.0,Citrobacter koseri
nitrofurantoin,0,0,4,4,0.0,Citrobacter koseri
oxacilin,0,2,1,3,66.67,Citrobacter koseri
piperacillin,28,43,21,92,46.74,Citrobacter koseri
tetracycline,4,9,0,13,69.23,Citrobacter koseri
trim,1,73,16,90,81.11,Citrobacter koseri
amikacin,0,1,0,1,100.0,Citrobacter freundii
amoxicillin,0,4,0,4,100.0,Citrobacter freundii
ampicillin,0,5,0,5,100.0,Citrobacter freundii
azithromycin,0,2,0,2,100.0,Citrobacter freundii
cefepime,2,5,5,12,41.67,Citrobacter freundii
cefotaxime,0,1,0,1,100.0,Citrobacter freundii
cefoxitin,0,4,5,9,44.44,Citrobacter freundii
ceftaz,2,6,2,10,60.0,Citrobacter freundii
ceftriaxone,1,13,5,19,68.42,Citrobacter freundii
chloramphenicol,1,7,8,16,43.75,Citrobacter freundii
ciprofloxacin,3,15,2,20,75.0,Citrobacter freundii
clindamycin,0,2,2,4,50.0,Citrobacter freundii
doxycycline,0,4,4,8,50.0,Citrobacter freundii
erythromycin,0,3,0,3,100.0,Citrobacter freundii
gentamicin,4,8,5,17,47.06,Citrobacter freundii
imip,1,5,12,18,27.78,Citrobacter freundii
linezolid,0,0,1,1,0.0,Citrobacter freundii
nalidixic,0,1,0,1,100.0,Citrobacter freundii
nitrofurantoin,0,0,1,1,0.0,Citrobacter freundii
oxacilin,0,1,0,1,100.0,Citrobacter freundii
piperacillin,6,6,4,16,37.5,Citrobacter freundii
tetracycline,1,1,0,2,50.0,Citrobacter freundii
trim,0,15,3,18,83.33,Citrobacter freundii
amikacin,0,1,32,33,3.03,Providencia spp
amoxicillin,8,17,8,33,51.52,Providencia spp
ampicillin,2,30,4,36,83.33,Providencia spp
azithromycin,0,3,1,4,75.0,Providencia spp
azitreo,0,4,4,8,50.0,Providencia spp
cefepime,0,18,8,26,69.23,Providencia spp
cefixime,0,4,0,4,100.0,Providencia spp
cefotaxime,0,3,2,5,60.0,Providencia spp
cefoxitin,0,6,6,12,50.0,Providencia spp
cefoxtaxime,0,2,0,2,100.0,Providencia spp
ceftaz,1,13,7,21,61.9,Providencia spp
ceftriaxone,1,38,10,49,77.55,Providencia spp
cefuroxime,0,2,1,3,66.67,Providencia spp
chloramphenicol,1,17,29,47,36.17,Providencia spp
ciprofloxacin,6,37,21,64,57.81,Providencia spp
clindamycin,2,1,6,9,11.11,Providencia spp
doxycycline,0,3,4,7,42.86,Providencia spp
erythromycin,0,7,1,8,87.5,Providencia spp
gentamicin,7,32,24,63,50.79,Providencia spp
imip,2,5,52,59,8.47,Providencia spp
levofloxacin,4,0,11,15,0.0,Providencia spp
linezolid,0,0,4,4,0.0,Providencia spp
nalidixic,0,0,2,2,0.0,Providencia spp
nitrofurantoin,0,0,5,5,0.0,Providencia spp
oxacilin,0,1,0,1,100.0,Providencia spp
piperacillin,14,26,20,60,43.33,Providencia spp
tetracycline,0,3,8,11,27.27,Providencia spp
trim,1,35,3,39,89.74,Providencia spp
amikacin,0,0,16,16,0.0,Proteus spp
amoxicillin,20,8,16,44,18.18,Proteus spp
ampicillin,8,36,0,44,81.82,Proteus spp
cefepime,0,12,20,32,37.5,Proteus spp
cefotaxime,0,4,0,4,100.0,Proteus spp
ceftaz,4,12,16,32,37.5,Proteus spp
ceftriaxone,0,24,16,40,60.0,Proteus spp
chloramphenicol,0,12,44,56,21.43,Proteus spp
ciprofloxacin,8,36,32,76,47.37,Proteus spp
clindamycin,0,4,8,12,33.33,Proteus spp
doxycycline,0,0,4,4,0.0,Proteus spp
erythromycin,0,8,0,8,100.0,Proteus spp
gentamicin,0,28,36,64,43.75,Proteus spp
imip,4,0,56,60,0.0,Proteus spp
levofloxacin,0,0,4,4,0.0,Proteus spp
linezolid,0,0,8,8,0.0,Proteus spp
oxacilin,0,4,0,4,100.0,Proteus spp
piperacillin,8,8,40,56,14.29,Proteus spp
tetracycline,0,0,4,4,0.0,Proteus spp
trim,4,68,0,72,94.44,Proteus spp
amikacin,0,1,0,1,100.0,Streptococcus pyogenes
amoxicillin,0,3,0,3,100.0,Streptococcus pyogenes
ampicillin,0,5,0,5,100.0,Streptococcus pyogenes
cefepime,2,4,5,11,36.36,Streptococcus pyogenes
cefotaxime,0,1,0,1,100.0,Streptococcus pyogenes
cefoxitin,0,4,5,9,44.44,Streptococcus pyogenes
ceftaz,2,5,2,9,55.56,Streptococcus pyogenes
ceftriaxone,1,12,5,18,66.67,Streptococcus pyogenes
chloramphenicol,1,6,7,14,42.86,Streptococcus pyogenes
ciprofloxacin,3,13,2,18,72.22,Streptococcus pyogenes
clindamycin,0,1,1,2,50.0,Streptococcus pyogenes
doxycycline,0,4,3,7,57.14,Streptococcus pyogenes
erythromycin,0,1,0,1,100.0,Streptococcus pyogenes
gentamicin,4,7,5,16,43.75,Streptococcus pyogenes
imip,1,5,12,18,27.78,Streptococcus pyogenes
nalidixic,0,1,0,1,100.0,Streptococcus pyogenes
nitrofurantoin,0,0,1,1,0.0,Streptococcus pyogenes
piperacillin,6,6,4,16,37.5,Streptococcus pyogenes
tetracycline,1,1,0,2,50.0,Streptococcus pyogenes
trim,0,13,3,16,81.25,Streptococcus pyogenes
amikacin,0,0,1,1,0.0,Acinetobacter baumannii
amoxicillin,0,7,0,7,100.0,Acinetobacter baumannii
ampicillin,0,7,0,7,100.0,Acinetobacter baumannii
azithromycin,0,2,1,3,66.67,Acinetobacter baumannii
cefepime,0,7,0,7,100.0,Acinetobacter baumannii
cefoxitin,0,6,1,7,85.71,Acinetobacter baumannii
ceftaz,0,1,0,1,100.0,Acinetobacter baumannii
ceftriaxone,0,7,1,8,87.5,Acinetobacter baumannii
chloramphenicol,0,4,4,8,50.0,Acinetobacter baumannii
ciprofloxacin,1,7,2,10,70.0,Acinetobacter baumannii
clindamycin,0,0,2,2,0.0,Acinetobacter baumannii
doxycycline,0,1,0,1,100.0,Acinetobacter baumannii
erythromycin,0,1,1,2,50.0,Acinetobacter baumannii
gentamicin,1,7,3,11,63.64,Acinetobacter baumannii
imip,0,1,4,5,20.0,Acinetobacter baumannii
nitrofurantoin,0,0,1,1,0.0,Acinetobacter baumannii
piperacillin,0,2,0,2,100.0,Acinetobacter baumannii
amikacin,4,1,8,13,7.69,Citrobacter freundi
amoxicillin,2,10,0,12,83.33,Citrobacter freundi
ampicillin,2,8,1,11,72.73,Citrobacter freundi
azitreo,0,3,0,3,100.0,Citrobacter freundi
cefixime,0,3,0,3,100.0,Citrobacter freundi
cefotaxime,1,8,2,11,72.73,Citrobacter freundi
cefoxtin,0,1,0,1,100.0,Citrobacter freundi
ceftaz,1,8,1,10,80.0,Citrobacter freundi
ceftazidime,0,0,1,1,0.0,Citrobacter freundi
ceftriaxone,1,10,2,13,76.92,Citrobacter freundi
cefuroxime,0,5,0,5,100.0,Citrobacter freundi
chloramphenicol,0,7,8,15,46.67,Citrobacter freundi
ciprofloxacin,2,13,4,19,68.42,Citrobacter freundi
clindamycin,1,3,2,6,50.0,Citrobacter freundi
doxycycline,0,1,0,1,100.0,Citrobacter freundi
ertapenem,1,1,2,4,25.0,Citrobacter freundi
erythromycin,0,4,2,6,66.67,Citrobacter freundi
fosfomycin,0,0,1,1,0.0,Citrobacter freundi
gentamicin,0,9,5,14,64.29,Citrobacter freundi
imip,1,1,9,11,9.09,Citrobacter freundi
linezolid,0,0,6,6,0.0,Citrobacter freundi
meropenem,3,2,4,9,22.22,Citrobacter freundi
nalidixic,0,5,0,5,100.0,Citrobacter freundi
nitrofurantoin,0,1,1,2,50.0,Citrobacter freundi
oxacilin,1,3,0,4,75.0,Citrobacter freundi
penicillin,0,6,1,7,85.71,Citrobacter freundi
piperacillin,0,6,1,7,85.71,Citrobacter freundi
rifampcin,0,0,1,1,0.0,Citrobacter freundi
streptomycin,0,1,0,1,100.0,Citrobacter freundi
tetracycline,0,4,3,7,57.14,Citrobacter freundi
trim,0,5,0,5,100.0,Citrobacter freundi
vanco,1,0,0,1,0.0,Citrobacter freundi
amikacin,4,1,9,14,7.14,No significant growth
amoxicillin,2,18,0,20,90.0,No significant growth
ampicillin,2,17,1,20,85.0,No significant growth
azithromycin,0,3,1,4,75.0,No significant growth
azitreo,0,3,0,3,100.0,No significant growth
cefepime,0,8,0,8,100.0,No significant growth
cefixime,0,3,0,3,100.0,No significant growth
cefotaxime,2,8,2,12,66.67,No significant growth
cefoxitin,0,6,2,8,75.0,No significant growth
cefoxtin,0,1,0,1,100.0,No significant growth
ceftaz,1,9,1,11,81.82,No significant growth
ceftazidime,0,0,1,1,0.0,No significant growth
ceftriaxone,1,18,3,22,81.82,No significant growth
cefuroxime,0,5,0,5,100.0,No significant growth
chloramphenicol,0,14,13,27,51.85,No significant growth
ciprofloxacin,3,23,6,32,71.88,No significant growth
clindamycin,1,4,5,10,40.0,No significant growth
doxycycline,0,3,1,4,75.0,No significant growth
ertapenem,1,1,2,4,25.0,No significant growth
erythromycin,0,7,3,10,70.0,No significant growth
fosfomycin,0,0,1,1,0.0,No significant growth
gentamicin,1,20,8,29,68.97,No significant growth
imip,1,2,13,16,12.5,No significant growth
linezolid,0,0,6,6,0.0,No significant growth
meropenem,3,2,4,9,22.22,No significant growth
nalidixic,0,5,0,5,100.0,No significant growth
nitrofurantoin,0,1,3,4,25.0,No significant growth
oxacilin,1,3,0,4,75.0,No significant growth
penicillin,0,6,1,7,85.71,No significant growth
piperacillin,0,8,1,9,88.89,No significant growth
rifampcin,0,0,1,1,0.0,No significant growth
streptomycin,0,1,0,1,100.0,No significant growth
tetracycline,0,4,3,7,57.14,No significant growth
trim,0,5,0,5,100.0,No significant growth
vanco,1,0,0,1,0.0,No significant growth
amikacin,0,1,1,2,50.0,Enterobacter cloacae
amoxicillin,2,2,1,5,40.0,Enterobacter cloacae
ampicillin,0,4,0,4,100.0,Enterobacter cloacae
azithromycin,0,3,1,4,75.0,Enterobacter cloacae
cefepime,0,4,1,5,80.0,Enterobacter cloacae
cefotaxime,0,4,0,4,100.0,Enterobacter cloacae
ceftaz,0,1,0,1,100.0,Enterobacter cloacae
ceftriaxone,0,14,1,15,93.33,Enterobacter cloacae
cefuroxime,0,2,0,2,100.0,Enterobacter cloacae
chloramphenicol,0,9,9,18,50.0,Enterobacter cloacae
ciprofloxacin,3,15,8,26,57.69,Enterobacter cloacae
clindamycin,2,1,4,7,14.29,Enterobacter cloacae
doxycycline,0,1,3,4,25.0,Enterobacter cloacae
erythromycin,1,2,0,3,66.67,Enterobacter cloacae
gentamicin,1,12,6,19,63.16,Enterobacter cloacae
imip,0,2,7,9,22.22,Enterobacter cloacae
linezolid,0,0,1,1,0.0,Enterobacter cloacae
oxacilin,0,2,1,3,66.67,Enterobacter cloacae
piperacillin,2,14,2,18,77.78,Enterobacter cloacae
tetracycline,0,3,0,3,100.0,Enterobacter cloacae
trim,1,14,2,17,82.35,Enterobacter cloacae
amikacin,0,1,3,4,25.0,Pseudomos aeruginosa
amoxicillin,3,4,2,9,44.44,Pseudomos aeruginosa
ampicillin,0,5,0,5,100.0,Pseudomos aeruginosa
azithromycin,0,3,1,4,75.0,Pseudomos aeruginosa
azitreo,0,1,4,5,20.0,Pseudomos aeruginosa
cefepime,0,5,2,7,71.43,Pseudomos aeruginosa
cefotaxime,0,5,0,5,100.0,Pseudomos aeruginosa
ceftaz,2,4,3,9,44.44,Pseudomos aeruginosa
ceftriaxone,0,22,2,24,91.67,Pseudomos aeruginosa
cefuroxime,0,2,0,2,100.0,Pseudomos aeruginosa
chloramphenicol,1,11,13,25,44.0,Pseudomos aeruginosa
ciprofloxacin,3,16,12,31,51.61,Pseudomos aeruginosa
clindamycin,2,2,4,8,25.0,Pseudomos aeruginosa
doxycycline,0,1,4,5,20.0,Pseudomos aeruginosa
erythromycin,1,3,1,5,60.0,Pseudomos aeruginosa
gentamicin,1,12,13,26,46.15,Pseudomos aeruginosa
imip,0,2,14,16,12.5,Pseudomos aeruginosa
levofloxacin,1,3,3,7,42.86,Pseudomos aeruginosa
linezolid,0,0,1,1,0.0,Pseudomos aeruginosa
meropenem,0,2,4,6,33.33,Pseudomos aeruginosa
oxacilin,0,3,1,4,75.0,Pseudomos aeruginosa
piperacillin,7,23,12,42,54.76,Pseudomos aeruginosa
tetracycline,0,6,3,9,66.67,Pseudomos aeruginosa
trim,1,19,3,23,82.61,Pseudomos aeruginosa
amikacin,0,1,4,5,20.0,Edwardsiella spp
amoxicillin,2,4,3,9,44.44,Edwardsiella spp
ampicillin,0,6,0,6,100.0,Edwardsiella spp
cefepime,0,3,2,5,60.0,Edwardsiella spp
cefixime,0,1,0,1,100.0,Edwardsiella spp
cefotaxime,0,1,1,2,50.0,Edwardsiella spp
ceftaz,1,3,1,5,60.0,Edwardsiella spp
ceftriaxone,2,6,1,9,66.67,Edwardsiella spp
chloramphenicol,0,2,3,5,40.0,Edwardsiella spp
ciprofloxacin,2,5,2,9,55.56,Edwardsiella spp
clindamycin,0,1,1,2,50.0,Edwardsiella spp
doxycycline,0,0,2,2,0.0,Edwardsiella spp
erythromycin,0,2,0,2,100.0,Edwardsiella spp
gentamicin,0,3,3,6,50.0,Edwardsiella spp
imip,3,1,8,12,8.33,Edwardsiella spp
levofloxacin,1,0,2,3,0.0,Edwardsiella spp
piperacillin,2,2,2,6,33.33,Edwardsiella spp
tetracycline,0,1,0,1,100.0,Edwardsiella spp
trim,0,9,1,10,90.0,Edwardsiella spp
